firstname,surname,email,phone,address,postcode,city,date of birth,enroldate,Sat,price,price with tax,booking page notes, order notes,
<pre>Array
(
    [id] => 1250
    [sid] => 38
    [orderdate] => 2016-10-06 19:39:16
    [currency] => GBP
    [taxid] => 0
    [taxrate] => 0.00
    [delivery_id] => 0
    [delivery_price] => 0.00
    [discid] => 0
    [ticket] => 0
    [discamount] => 0.00
    [title] => 
    [firstname] => Siraba
    [surname] => Tounkara
    [email] => shyrazade@yahoo.co.uk
    [phone] => 00971 50141 9029
    [phone2] => 
    [delivery_firstname] => Siraba
    [delivery_surname] => Tounkara
    [delivery_address1] => Abu Dhabi
    [delivery_address2] => 
    [delivery_address3] => 
    [delivery_phone] => 00971 50141 9029
    [delivery_city] => Abu Dhabi
    [delivery_postcode] => N/A
    [payment_firstname] => Siraba
    [payment_surname] => Tounkara
    [payment_address1] => Abu Dhabi
    [payment_address2] => 
    [payment_address3] => 
    [payment_phone] => 00971 50141 9029
    [payment_city] => Abu Dhabi
    [payment_postcode] => N/A
    [delivered] => 0
    [delnotes] => 
    [pptransid] => FREE~000000001250
    [paiddate] => 2016-10-06 19:39:16
    [pmtnotes] => 
    [delivery_country] => 784
    [payment_country] => 784
    [txfee] => 0.00
)
"Siraba","Tounkara","shyrazade@yahoo.co.uk","00971 50141 9029","","N/A","Abu Dhabi",26/09/1976,06/10/2016,"No",19.00,19.00,"", 
<pre>Array
(
    [id] => 1254
    [sid] => 569
    [orderdate] => 2016-10-09 17:51:50
    [currency] => GBP
    [taxid] => 0
    [taxrate] => 0.00
    [delivery_id] => 0
    [delivery_price] => 0.00
    [discid] => 0
    [ticket] => 0
    [discamount] => 0.00
    [title] => 
    [firstname] => Nazia
    [surname] => Hussain
    [email] => nazia252@hotmail.com
    [phone] => 07792425039
    [phone2] => 
    [delivery_firstname] => Nazia
    [delivery_surname] => Hussain
    [delivery_address1] => 5 Harlech Close
    [delivery_address2] => 
    [delivery_address3] => 
    [delivery_phone] => 07792425039
    [delivery_city] => Blackwood
    [delivery_postcode] => NP121HJ
    [payment_firstname] => Nazia
    [payment_surname] => Hussain
    [payment_address1] => 5 Harlech Close
    [payment_address2] => 
    [payment_address3] => 
    [payment_phone] => 07792425039
    [payment_city] => Blackwood
    [payment_postcode] => NP121HJ
    [delivered] => 0
    [delnotes] => 
    [pptransid] => 1R2214895X623982B
    [paiddate] => 2016-10-09 17:52:42
    [pmtnotes] => 
    [delivery_country] => 826
    [payment_country] => 826
    [txfee] => 4.64
)
"Nazia","Hussain","nazia252@hotmail.com","07792425039","","NP121HJ","Blackwood",25/05/1982,09/10/2016,"No",19.00,19.00,"Test notes 
Test notes line 2 Test notes line 2 also
line 3 line 3 line 3 line 3 line 3 line 3 line 3 line 3", 
<pre>Array
(
    [id] => 1257
    [sid] => 679
    [orderdate] => 2016-10-12 14:21:56
    [currency] => GBP
    [taxid] => 0
    [taxrate] => 0.00
    [delivery_id] => 0
    [delivery_price] => 0.00
    [discid] => 0
    [ticket] => 0
    [discamount] => 0.00
    [title] => 
    [firstname] => hela
    [surname] => boussif
    [email] => helaboussif@yahoo.co.uk
    [phone] => 07861340936
    [phone2] => 
    [delivery_firstname] => hela
    [delivery_surname] => boussif
    [delivery_address1] => 20 viaduct way
    [delivery_address2] => 
    [delivery_address3] => 
    [delivery_phone] => 07861340936
    [delivery_city] => welwyn garden city
    [delivery_postcode] => al7 1ud
    [payment_firstname] => hela
    [payment_surname] => boussif
    [payment_address1] => 20 viaduct way
    [payment_address2] => 
    [payment_address3] => 
    [payment_phone] => 07861340936
    [payment_city] => welwyn garden city
    [payment_postcode] => al7 1ud
    [delivered] => 0
    [delnotes] => 
    [pptransid] => 6P5523110S417924W
    [paiddate] => 2016-10-12 14:23:02
    [pmtnotes] => 
    [delivery_country] => 826
    [payment_country] => 826
    [txfee] => 1.00
)
"hela","boussif","helaboussif@yahoo.co.uk","07861340936","","al7 1ud","welwyn garden city",16/01/1984,12/10/2016,"No",25.00,25.00,"", 
<pre>Array
(
    [id] => 1296
    [sid] => 878
    [orderdate] => 2016-10-30 15:19:32
    [currency] => GBP
    [taxid] => 0
    [taxrate] => 0.00
    [delivery_id] => 0
    [delivery_price] => 0.00
    [discid] => 0
    [ticket] => 0
    [discamount] => 0.00
    [title] => 
    [firstname] => Umer
    [surname] => Hakeem
    [email] => umerhakeem@gmail.com
    [phone] => 07930935211
    [phone2] => +447930935211
    [delivery_firstname] => Umer
    [delivery_surname] => Hakeem
    [delivery_address1] => 66 Culverhouse road
    [delivery_address2] => 
    [delivery_address3] => umerhakeem@gmail.com
    [delivery_phone] => 07930935211
    [delivery_city] => Luton
    [delivery_postcode] => Lu3 1py
    [payment_firstname] => Umer
    [payment_surname] => Hakeem
    [payment_address1] => 66 Culverhouse road
    [payment_address2] => 
    [payment_address3] => umerhakeem@gmail.com
    [payment_phone] => 07930935211
    [payment_city] => Luton
    [payment_postcode] => Lu3 1py
    [delivered] => 0
    [delnotes] => 
    [pptransid] => 3D318672RN281830C
    [paiddate] => 2016-10-30 15:37:49
    [pmtnotes] => 
    [delivery_country] => 826
    [payment_country] => 826
    [txfee] => 2.00
)
"Umer","Hakeem","umerhakeem@gmail.com","07930935211, +447930935211","","Lu3 1py","Luton",27/08/1988,30/10/2016,"No",25.00,25.00,"", 
<pre>Array
(
    [id] => 1296
    [sid] => 878
    [orderdate] => 2016-10-30 15:19:32
    [currency] => GBP
    [taxid] => 0
    [taxrate] => 0.00
    [delivery_id] => 0
    [delivery_price] => 0.00
    [discid] => 0
    [ticket] => 0
    [discamount] => 0.00
    [title] => 
    [firstname] => Umer
    [surname] => Hakeem
    [email] => umerhakeem@gmail.com
    [phone] => 07930935211
    [phone2] => +447930935211
    [delivery_firstname] => Umer
    [delivery_surname] => Hakeem
    [delivery_address1] => 66 Culverhouse road
    [delivery_address2] => 
    [delivery_address3] => umerhakeem@gmail.com
    [delivery_phone] => 07930935211
    [delivery_city] => Luton
    [delivery_postcode] => Lu3 1py
    [payment_firstname] => Umer
    [payment_surname] => Hakeem
    [payment_address1] => 66 Culverhouse road
    [payment_address2] => 
    [payment_address3] => umerhakeem@gmail.com
    [payment_phone] => 07930935211
    [payment_city] => Luton
    [payment_postcode] => Lu3 1py
    [delivered] => 0
    [delnotes] => 
    [pptransid] => 3D318672RN281830C
    [paiddate] => 2016-10-30 15:37:49
    [pmtnotes] => 
    [delivery_country] => 826
    [payment_country] => 826
    [txfee] => 2.00
)
"Nida","Khatri","nk786@hotmail.com","","","","",01/01/1970,30/10/2016,"No",25.00,25.00,"", 
<pre>Array
(
    [id] => 1340
    [sid] => 846
    [orderdate] => 2016-11-09 16:40:17
    [currency] => GBP
    [taxid] => 0
    [taxrate] => 0.00
    [delivery_id] => 0
    [delivery_price] => 0.00
    [discid] => 0
    [ticket] => 0
    [discamount] => 0.00
    [title] => 
    [firstname] => saira
    [surname] => aslam
    [email] => s_haq01@hotmail.co.uk
    [phone] => 7736369615
    [phone2] => +447736369615
    [delivery_firstname] => saira
    [delivery_surname] => aslam
    [delivery_address1] => 46 HARELAW AVENUE
    [delivery_address2] => muirend
    [delivery_address3] => s_haq01@hotmail.co.uk
    [delivery_phone] => 7736369615
    [delivery_city] => Glasgow
    [delivery_postcode] => G44 3HY
    [payment_firstname] => saira
    [payment_surname] => aslam
    [payment_address1] => 46 HARELAW AVENUE
    [payment_address2] => muirend
    [payment_address3] => s_haq01@hotmail.co.uk
    [payment_phone] => 7736369615
    [payment_city] => Glasgow
    [payment_postcode] => G44 3HY
    [delivered] => 0
    [delnotes] => 
    [pptransid] => 3RV56863RU547730K
    [paiddate] => 2016-11-09 16:41:15
    [pmtnotes] => 
    [delivery_country] => 826
    [payment_country] => 826
    [txfee] => 0.76
)
"saira","aslam","s_haq01@hotmail.co.uk","7736369615, +447736369615","","G44 3HY","Glasgow",13/10/1983,09/11/2016,"No",19.00,19.00,"", 
<pre>Array
(
    [id] => 1345
    [sid] => 337
    [orderdate] => 2016-11-10 19:00:01
    [currency] => GBP
    [taxid] => 0
    [taxrate] => 0.00
    [delivery_id] => 0
    [delivery_price] => 0.00
    [discid] => 0
    [ticket] => 0
    [discamount] => 0.00
    [title] => 
    [firstname] => Ozlem
    [surname] => Olgun Kiyici
    [email] => oz_ok@yahoo.co.uk
    [phone] => 07474668198
    [phone2] => 
    [delivery_firstname] => Ozlem
    [delivery_surname] => Olgun Kiyici
    [delivery_address1] => 123A King House
    [delivery_address2] => 
    [delivery_address3] => 
    [delivery_phone] => 07474668198
    [delivery_city] => London
    [delivery_postcode] => W12 0UD
    [payment_firstname] => Ozlem
    [payment_surname] => Olgun Kiyici
    [payment_address1] => 123A King House
    [payment_address2] => 
    [payment_address3] => 
    [payment_phone] => 07474668198
    [payment_city] => London
    [payment_postcode] => W12 0UD
    [delivered] => 0
    [delnotes] => 
    [pptransid] => 13G19778LF480030F
    [paiddate] => 2016-11-10 19:00:53
    [pmtnotes] => 
    [delivery_country] => 826
    [payment_country] => 826
    [txfee] => 0.76
)
"Ozlem","Olgun Kiyici","oz_ok@yahoo.co.uk","07474668198","","W12 0UD","London",16/10/1974,10/11/2016,"No",19.00,19.00,"", 
<pre>Array
(
    [id] => 1351
    [sid] => 16
    [orderdate] => 2016-11-11 08:13:31
    [currency] => GBP
    [taxid] => 0
    [taxrate] => 0.00
    [delivery_id] => 0
    [delivery_price] => 0.00
    [discid] => 0
    [ticket] => 0
    [discamount] => 15.00
    [title] => 
    [firstname] => Irfan
    [surname] => Umarji
    [email] => irfanumarji@gmail.com
    [phone] => 07939299407
    [phone2] => 
    [delivery_firstname] => Irfan
    [delivery_surname] => Umarji
    [delivery_address1] => 123 Plashet Road
    [delivery_address2] => 
    [delivery_address3] => 
    [delivery_phone] => 07939299407
    [delivery_city] => London
    [delivery_postcode] => E13 0RA
    [payment_firstname] => Irfan
    [payment_surname] => Umarji
    [payment_address1] => 123 Plashet Road
    [payment_address2] => 
    [payment_address3] => 
    [payment_phone] => 07939299407
    [payment_city] => London
    [payment_postcode] => E13 0RA
    [delivered] => 0
    [delnotes] => 
    [pptransid] => 23X15489NB575931B
    [paiddate] => 2016-11-11 08:14:41
    [pmtnotes] => 
    [delivery_country] => 826
    [payment_country] => 826
    [txfee] => 0.40
)
"Irfan","Umarji","irfanumarji@gmail.com","07939299407","","E13 0RA","London",09/07/1986,11/11/2016,"No",25.00,25.00,"", 
<pre>Array
(
    [id] => 1353
    [sid] => 910
    [orderdate] => 2016-11-11 10:15:19
    [currency] => GBP
    [taxid] => 0
    [taxrate] => 0.00
    [delivery_id] => 0
    [delivery_price] => 0.00
    [discid] => 0
    [ticket] => 0
    [discamount] => 0.00
    [title] => 
    [firstname] => Anne-Sophie
    [surname] => Bruneval
    [email] => annesophie.bruneval@gmail.com
    [phone] => 07801507814
    [phone2] => 
    [delivery_firstname] => Anne-Sophie
    [delivery_surname] => Bruneval
    [delivery_address1] => 36 Cambridge Road
    [delivery_address2] => 
    [delivery_address3] => 
    [delivery_phone] => 07801507814
    [delivery_city] => Girton
    [delivery_postcode] => CB3 0PJ
    [payment_firstname] => Anne-Sophie
    [payment_surname] => Bruneval
    [payment_address1] => 36 Cambridge Road
    [payment_address2] => 
    [payment_address3] => 
    [payment_phone] => 07801507814
    [payment_city] => Girton
    [payment_postcode] => CB3 0PJ
    [delivered] => 0
    [delnotes] => 
    [pptransid] => 7EX99619VL9306050
    [paiddate] => 2016-11-11 10:16:01
    [pmtnotes] => 
    [delivery_country] => 826
    [payment_country] => 826
    [txfee] => 1.00
)
"Anne-Sophie","Bruneval","annesophie.bruneval@gmail.com","07801507814","","CB3 0PJ","Girton",20/10/1987,11/11/2016,"No",25.00,25.00,"", 
<pre>Array
(
    [id] => 1360
    [sid] => 19
    [orderdate] => 2016-11-12 00:45:47
    [currency] => GBP
    [taxid] => 0
    [taxrate] => 0.00
    [delivery_id] => 0
    [delivery_price] => 0.00
    [discid] => 0
    [ticket] => 0
    [discamount] => 15.00
    [title] => 
    [firstname] => Shifali
    [surname] => Begum
    [email] => shifali@hotmail.co.uk
    [phone] => 07903214644
    [phone2] => 07903214644
    [delivery_firstname] => Shifali
    [delivery_surname] => Begum
    [delivery_address1] => 8 Alice Street
    [delivery_address2] => 
    [delivery_address3] => 
    [delivery_phone] => 07903214644
    [delivery_city] => LONDON
    [delivery_postcode] => SE1 6QZ
    [payment_firstname] => Shifali
    [payment_surname] => Begum
    [payment_address1] => 8 Alice Street
    [payment_address2] => 
    [payment_address3] => 
    [payment_phone] => 07903214644
    [payment_city] => LONDON
    [payment_postcode] => SE1 6QZ
    [delivered] => 0
    [delnotes] => 
    [pptransid] => 63X31697VU525145V
    [paiddate] => 2016-11-12 00:46:38
    [pmtnotes] => 
    [delivery_country] => 826
    [payment_country] => 826
    [txfee] => 0.40
)
"Shifali","Begum","shifali@hotmail.co.uk","07903214644, 07903214644","","SE1 6QZ","LONDON",02/06/1983,12/11/2016,"No",25.00,25.00,"", 
<pre>Array
(
    [id] => 1364
    [sid] => 654
    [orderdate] => 2016-11-16 17:50:52
    [currency] => GBP
    [taxid] => 0
    [taxrate] => 0.00
    [delivery_id] => 0
    [delivery_price] => 0.00
    [discid] => 0
    [ticket] => 0
    [discamount] => 0.00
    [title] => 
    [firstname] => Suhana
    [surname] => Begum
    [email] => suhanabegum@live.co.uk
    [phone] => 02074721484
    [phone2] => 
    [delivery_firstname] => Suhana
    [delivery_surname] => Begum
    [delivery_address1] => 25 Richmond Street
    [delivery_address2] => 
    [delivery_address3] => 
    [delivery_phone] => 02074721484
    [delivery_city] => London
    [delivery_postcode] => E13 9AA
    [payment_firstname] => Suhana
    [payment_surname] => Begum
    [payment_address1] => 25 Richmond Street
    [payment_address2] => 
    [payment_address3] => 
    [payment_phone] => 02074721484
    [payment_city] => London
    [payment_postcode] => E13 9AA
    [delivered] => 0
    [delnotes] => 
    [pptransid] => 9BS557935W3986720
    [paiddate] => 2016-11-16 17:52:09
    [pmtnotes] => 
    [delivery_country] => 826
    [payment_country] => 826
    [txfee] => 2.00
)
"Suhana","Begum","suhanabegum@live.co.uk","02074721484","","E13 9AA","London",10/12/1987,16/11/2016,"No",25.00,25.00,"", 
<pre>Array
(
    [id] => 1364
    [sid] => 654
    [orderdate] => 2016-11-16 17:50:52
    [currency] => GBP
    [taxid] => 0
    [taxrate] => 0.00
    [delivery_id] => 0
    [delivery_price] => 0.00
    [discid] => 0
    [ticket] => 0
    [discamount] => 0.00
    [title] => 
    [firstname] => Suhana
    [surname] => Begum
    [email] => suhanabegum@live.co.uk
    [phone] => 02074721484
    [phone2] => 
    [delivery_firstname] => Suhana
    [delivery_surname] => Begum
    [delivery_address1] => 25 Richmond Street
    [delivery_address2] => 
    [delivery_address3] => 
    [delivery_phone] => 02074721484
    [delivery_city] => London
    [delivery_postcode] => E13 9AA
    [payment_firstname] => Suhana
    [payment_surname] => Begum
    [payment_address1] => 25 Richmond Street
    [payment_address2] => 
    [payment_address3] => 
    [payment_phone] => 02074721484
    [payment_city] => London
    [payment_postcode] => E13 9AA
    [delivered] => 0
    [delnotes] => 
    [pptransid] => 9BS557935W3986720
    [paiddate] => 2016-11-16 17:52:09
    [pmtnotes] => 
    [delivery_country] => 826
    [payment_country] => 826
    [txfee] => 2.00
)
"Syed","Rahman","syedshohelrahman@gmail.com","07475118155","","SW17 9QD","London",26/12/1981,16/11/2016,"No",25.00,25.00,"", 
<pre>Array
(
    [id] => 1365
    [sid] => 916
    [orderdate] => 2016-11-16 20:12:54
    [currency] => GBP
    [taxid] => 0
    [taxrate] => 0.00
    [delivery_id] => 0
    [delivery_price] => 0.00
    [discid] => 0
    [ticket] => 0
    [discamount] => 0.00
    [title] => 
    [firstname] => Jomila
    [surname] => Begum
    [email] => jomilabegum1@gmail.com
    [phone] => 07951758317
    [phone2] => 
    [delivery_firstname] => Jomila
    [delivery_surname] => Begum
    [delivery_address1] => 18a Grenada House
    [delivery_address2] => 
    [delivery_address3] => 
    [delivery_phone] => 07951758317
    [delivery_city] => London
    [delivery_postcode] => E14 8AD
    [payment_firstname] => Jomila
    [payment_surname] => Begum
    [payment_address1] => 18a Grenada House
    [payment_address2] => 
    [payment_address3] => 
    [payment_phone] => 07951758317
    [payment_city] => London
    [payment_postcode] => E14 8AD
    [delivered] => 0
    [delnotes] => 
    [pptransid] => 5M0745840X7058258
    [paiddate] => 2016-11-16 20:17:12
    [pmtnotes] => 
    [delivery_country] => 826
    [payment_country] => 826
    [txfee] => 2.00
)
"Jomila","Begum","jomilabegum1@gmail.com","07951758317","","E14 8AD","London",05/06/1988,16/11/2016,"No",25.00,25.00,"", 
<pre>Array
(
    [id] => 1365
    [sid] => 916
    [orderdate] => 2016-11-16 20:12:54
    [currency] => GBP
    [taxid] => 0
    [taxrate] => 0.00
    [delivery_id] => 0
    [delivery_price] => 0.00
    [discid] => 0
    [ticket] => 0
    [discamount] => 0.00
    [title] => 
    [firstname] => Jomila
    [surname] => Begum
    [email] => jomilabegum1@gmail.com
    [phone] => 07951758317
    [phone2] => 
    [delivery_firstname] => Jomila
    [delivery_surname] => Begum
    [delivery_address1] => 18a Grenada House
    [delivery_address2] => 
    [delivery_address3] => 
    [delivery_phone] => 07951758317
    [delivery_city] => London
    [delivery_postcode] => E14 8AD
    [payment_firstname] => Jomila
    [payment_surname] => Begum
    [payment_address1] => 18a Grenada House
    [payment_address2] => 
    [payment_address3] => 
    [payment_phone] => 07951758317
    [payment_city] => London
    [payment_postcode] => E14 8AD
    [delivered] => 0
    [delnotes] => 
    [pptransid] => 5M0745840X7058258
    [paiddate] => 2016-11-16 20:17:12
    [pmtnotes] => 
    [delivery_country] => 826
    [payment_country] => 826
    [txfee] => 2.00
)
"Foyaz","Uddin","Foy42@hotmail.co.uk","","","","",01/01/1970,16/11/2016,"No",25.00,25.00,"", 
<pre>Array
(
    [id] => 1367
    [sid] => 878
    [orderdate] => 2016-11-17 18:46:59
    [currency] => GBP
    [taxid] => 0
    [taxrate] => 0.00
    [delivery_id] => 0
    [delivery_price] => 0.00
    [discid] => 0
    [ticket] => 0
    [discamount] => 0.00
    [title] => 
    [firstname] => Umer
    [surname] => Hakeem
    [email] => umerhakeem@gmail.com
    [phone] => 07930935211
    [phone2] => +447930935211
    [delivery_firstname] => Umer
    [delivery_surname] => Hakeem
    [delivery_address1] => 66 Culverhouse road
    [delivery_address2] => 
    [delivery_address3] => umerhakeem@gmail.com
    [delivery_phone] => 07930935211
    [delivery_city] => Luton
    [delivery_postcode] => Lu3 1py
    [payment_firstname] => Umer
    [payment_surname] => Hakeem
    [payment_address1] => 66 Culverhouse road
    [payment_address2] => 
    [payment_address3] => umerhakeem@gmail.com
    [payment_phone] => 07930935211
    [payment_city] => Luton
    [payment_postcode] => Lu3 1py
    [delivered] => 0
    [delnotes] => 
    [pptransid] => 7H815379Y4442052W
    [paiddate] => 2016-11-17 18:48:20
    [pmtnotes] => 
    [delivery_country] => 826
    [payment_country] => 826
    [txfee] => 1.00
)
"Zehra","Hakeem","Zihakeem@hotmail.co.uk","","","","",01/01/1970,17/11/2016,"No",25.00,25.00,"", 
<pre>Array
(
    [id] => 1368
    [sid] => 617
    [orderdate] => 2016-11-17 19:21:52
    [currency] => GBP
    [taxid] => 0
    [taxrate] => 0.00
    [delivery_id] => 0
    [delivery_price] => 0.00
    [discid] => 0
    [ticket] => 0
    [discamount] => 0.00
    [title] => 
    [firstname] => Claudia
    [surname] => Baisini
    [email] => cmabib2@cam.ac.uk
    [phone] => 07543768976
    [phone2] => 
    [delivery_firstname] => Claudia
    [delivery_surname] => Baisini
    [delivery_address1] => Christ's College
    [delivery_address2] => 
    [delivery_address3] => 
    [delivery_phone] => 07543768976
    [delivery_city] => Cambridge
    [delivery_postcode] => CB2 3BU
    [payment_firstname] => Claudia
    [payment_surname] => Baisini
    [payment_address1] => Christ's College
    [payment_address2] => 
    [payment_address3] => 
    [payment_phone] => 07543768976
    [payment_city] => Cambridge
    [payment_postcode] => CB2 3BU
    [delivered] => 0
    [delnotes] => 
    [pptransid] => 6J894009JW528670A
    [paiddate] => 2016-11-17 19:23:03
    [pmtnotes] => 
    [delivery_country] => 826
    [payment_country] => 826
    [txfee] => 0.76
)
"Claudia","Baisini","cmabib2@cam.ac.uk","07543768976","","CB2 3BU","Cambridge",06/08/1973,17/11/2016,"No",19.00,19.00,"", 
<pre>Array
(
    [id] => 1369
    [sid] => 787
    [orderdate] => 2016-11-17 20:18:13
    [currency] => GBP
    [taxid] => 0
    [taxrate] => 0.00
    [delivery_id] => 0
    [delivery_price] => 0.00
    [discid] => 0
    [ticket] => 0
    [discamount] => 15.00
    [title] => 
    [firstname] => salma
    [surname] => chaudhry
    [email] => salmachaudhry12@gmail.com
    [phone] => 07865452378
    [phone2] => 
    [delivery_firstname] => salma
    [delivery_surname] => chaudhry
    [delivery_address1] => 178 runley road
    [delivery_address2] => 
    [delivery_address3] => 
    [delivery_phone] => 07865452378
    [delivery_city] => luton
    [delivery_postcode] => lu11ub
    [payment_firstname] => salma
    [payment_surname] => chaudhry
    [payment_address1] => 178 runley road
    [payment_address2] => 
    [payment_address3] => 
    [payment_phone] => 07865452378
    [payment_city] => luton
    [payment_postcode] => lu11ub
    [delivered] => 0
    [delnotes] => 
    [pptransid] => 85U019152B173920U
    [paiddate] => 2016-11-17 20:18:54
    [pmtnotes] => 
    [delivery_country] => 826
    [payment_country] => 826
    [txfee] => 0.40
)
"salma","chaudhry","salmachaudhry12@gmail.com","07865452378","","lu11ub","luton",12/02/1984,17/11/2016,"No",25.00,25.00,"", 
<pre>Array
(
    [id] => 1373
    [sid] => 357
    [orderdate] => 2016-11-20 12:17:35
    [currency] => GBP
    [taxid] => 0
    [taxrate] => 0.00
    [delivery_id] => 0
    [delivery_price] => 0.00
    [discid] => 0
    [ticket] => 0
    [discamount] => 0.00
    [title] => 
    [firstname] => Monsurat
    [surname] => Balogun
    [email] => iy19999@yahoo.com
    [phone] => 07739981440
    [phone2] => 
    [delivery_firstname] => Monsurat
    [delivery_surname] => Balogun
    [delivery_address1] => 22 northwood Way
    [delivery_address2] => 
    [delivery_address3] => 
    [delivery_phone] => 07739981440
    [delivery_city] => London
    [delivery_postcode] => SE19 1ET
    [payment_firstname] => Monsurat
    [payment_surname] => Balogun
    [payment_address1] => 22 northwood Way
    [payment_address2] => 
    [payment_address3] => 
    [payment_phone] => 07739981440
    [payment_city] => London
    [payment_postcode] => SE19 1ET
    [delivered] => 0
    [delnotes] => 
    [pptransid] => FREE~000000001373
    [paiddate] => 2016-11-20 12:17:35
    [pmtnotes] => 
    [delivery_country] => 826
    [payment_country] => 826
    [txfee] => 0.00
)
"Monsurat","Balogun","iy19999@yahoo.com","07739981440","","SE19 1ET","London",14/12/1979,20/11/2016,"No",25.00,25.00,"", 
<pre>Array
(
    [id] => 1378
    [sid] => 925
    [orderdate] => 2016-11-24 14:54:42
    [currency] => GBP
    [taxid] => 0
    [taxrate] => 0.00
    [delivery_id] => 0
    [delivery_price] => 0.00
    [discid] => 0
    [ticket] => 0
    [discamount] => 0.00
    [title] => 
    [firstname] => Sabera
    [surname] => Shaikh
    [email] => sabera.sshaikh@gmail.com
    [phone] => 02036653040
    [phone2] => 07932702023
    [delivery_firstname] => Sabera
    [delivery_surname] => Shaikh
    [delivery_address1] => 11 West Sheen Vale
    [delivery_address2] => 
    [delivery_address3] => 
    [delivery_phone] => 02036653040
    [delivery_city] => Richmond
    [delivery_postcode] => tw9 2jq
    [payment_firstname] => Sabera
    [payment_surname] => Shaikh
    [payment_address1] => 11 West Sheen Vale
    [payment_address2] => 
    [payment_address3] => 
    [payment_phone] => 02036653040
    [payment_city] => Richmond
    [payment_postcode] => tw9 2jq
    [delivered] => 0
    [delnotes] => 
    [pptransid] => 04R3781733812372K
    [paiddate] => 2016-11-24 14:55:44
    [pmtnotes] => 
    [delivery_country] => 826
    [payment_country] => 826
    [txfee] => 1.00
)
"Sabera","Shaikh","sabera.sshaikh@gmail.com","02036653040, 07932702023","","tw9 2jq","Richmond",30/09/1974,24/11/2016,"No",25.00,25.00,"", 
<pre>Array
(
    [id] => 1379
    [sid] => 926
    [orderdate] => 2016-11-24 16:16:59
    [currency] => GBP
    [taxid] => 0
    [taxrate] => 0.00
    [delivery_id] => 0
    [delivery_price] => 0.00
    [discid] => 0
    [ticket] => 0
    [discamount] => 0.00
    [title] => 
    [firstname] => Tahmina
    [surname] => Rahman
    [email] => Tahmina_rahman@outlook.com
    [phone] => 07415495192
    [phone2] => 07415495192
    [delivery_firstname] => Tahmina
    [delivery_surname] => Rahman
    [delivery_address1] => 35 FRIARS ROAD
    [delivery_address2] => 
    [delivery_address3] => Tahmina_rahman@outlook.com
    [delivery_phone] => 07415495192
    [delivery_city] => LONDON
    [delivery_postcode] => E6 1LJ
    [payment_firstname] => Tahmina
    [payment_surname] => Rahman
    [payment_address1] => 35 FRIARS ROAD
    [payment_address2] => 
    [payment_address3] => Tahmina_rahman@outlook.com
    [payment_phone] => 07415465192
    [payment_city] => LONDON
    [payment_postcode] => E6 1LJ
    [delivered] => 0
    [delnotes] => 
    [pptransid] => 66N98298J4211770S
    [paiddate] => 2016-11-24 16:17:36
    [pmtnotes] => 
    [delivery_country] => 826
    [payment_country] => 826
    [txfee] => 1.00
)
"Tahmina","Rahman","Tahmina_rahman@outlook.com","07415495192, 07415495192","","E6 1LJ","LONDON",02/08/1992,24/11/2016,"No",25.00,25.00,"", 
<pre>Array
(
    [id] => 1383
    [sid] => 929
    [orderdate] => 2016-11-25 19:53:59
    [currency] => GBP
    [taxid] => 0
    [taxrate] => 0.00
    [delivery_id] => 0
    [delivery_price] => 0.00
    [discid] => 0
    [ticket] => 0
    [discamount] => 0.00
    [title] => 
    [firstname] => Azeeza
    [surname] => Francis
    [email] => azeeza_s@hotmail.com
    [phone] => 07539292444
    [phone2] => 
    [delivery_firstname] => Azeeza
    [delivery_surname] => Francis
    [delivery_address1] => 25 Olympic Way
    [delivery_address2] => 
    [delivery_address3] => 
    [delivery_phone] => 07539292444
    [delivery_city] => Wembley
    [delivery_postcode] => HA9 0FR
    [payment_firstname] => Azeeza
    [payment_surname] => Francis
    [payment_address1] => 25 Olympic Way
    [payment_address2] => 
    [payment_address3] => 
    [payment_phone] => 07539292444
    [payment_city] => Wembley
    [payment_postcode] => HA9 0FR
    [delivered] => 0
    [delnotes] => 
    [pptransid] => 4CE60776DR0886645
    [paiddate] => 2016-11-25 19:54:43
    [pmtnotes] => 
    [delivery_country] => 826
    [payment_country] => 826
    [txfee] => 1.00
)
"Azeeza","Francis","azeeza_s@hotmail.com","07539292444","","HA9 0FR","Wembley",08/04/1990,25/11/2016,"No",25.00,25.00,"", 
<pre>Array
(
    [id] => 1384
    [sid] => 831
    [orderdate] => 2016-11-26 19:34:35
    [currency] => GBP
    [taxid] => 0
    [taxrate] => 0.00
    [delivery_id] => 0
    [delivery_price] => 0.00
    [discid] => 0
    [ticket] => 0
    [discamount] => 0.00
    [title] => 
    [firstname] => Maluda
    [surname] => Khanom
    [email] => maluda_k@hotmail.com
    [phone] => 07961095384
    [phone2] => 07961095384
    [delivery_firstname] => Maluda
    [delivery_surname] => Khanom
    [delivery_address1] => 60A Devonport Road
    [delivery_address2] => 
    [delivery_address3] => maluda_k@hotmail.com
    [delivery_phone] => 07961095384
    [delivery_city] => London
    [delivery_postcode] => W12 8NU
    [payment_firstname] => Maluda
    [payment_surname] => Khanom
    [payment_address1] => 60A Devonport Road
    [payment_address2] => 
    [payment_address3] => maluda_k@hotmail.com
    [payment_phone] => 07961095384
    [payment_city] => London
    [payment_postcode] => W12 8NU
    [delivered] => 0
    [delnotes] => 
    [pptransid] => 2E319639T93410710
    [paiddate] => 2016-11-26 19:37:00
    [pmtnotes] => 
    [delivery_country] => 826
    [payment_country] => 826
    [txfee] => 2.00
)
"Maluda","Khanom","maluda_k@hotmail.com","07961095384, 07961095384","","W12 8NU","London",17/11/1985,26/11/2016,"No",25.00,25.00,"", 
<pre>Array
(
    [id] => 1384
    [sid] => 831
    [orderdate] => 2016-11-26 19:34:35
    [currency] => GBP
    [taxid] => 0
    [taxrate] => 0.00
    [delivery_id] => 0
    [delivery_price] => 0.00
    [discid] => 0
    [ticket] => 0
    [discamount] => 0.00
    [title] => 
    [firstname] => Maluda
    [surname] => Khanom
    [email] => maluda_k@hotmail.com
    [phone] => 07961095384
    [phone2] => 07961095384
    [delivery_firstname] => Maluda
    [delivery_surname] => Khanom
    [delivery_address1] => 60A Devonport Road
    [delivery_address2] => 
    [delivery_address3] => maluda_k@hotmail.com
    [delivery_phone] => 07961095384
    [delivery_city] => London
    [delivery_postcode] => W12 8NU
    [payment_firstname] => Maluda
    [payment_surname] => Khanom
    [payment_address1] => 60A Devonport Road
    [payment_address2] => 
    [payment_address3] => maluda_k@hotmail.com
    [payment_phone] => 07961095384
    [payment_city] => London
    [payment_postcode] => W12 8NU
    [delivered] => 0
    [delnotes] => 
    [pptransid] => 2E319639T93410710
    [paiddate] => 2016-11-26 19:37:00
    [pmtnotes] => 
    [delivery_country] => 826
    [payment_country] => 826
    [txfee] => 2.00
)
"Yasmin","Matin","Yasmin_matin@msn.com","07402 787007","","Tw3 1sq","Hounslow",22/09/1992,26/11/2016,"No",25.00,25.00,"", 
<pre>Array
(
    [id] => 1386
    [sid] => 26
    [orderdate] => 2016-11-27 17:21:47
    [currency] => GBP
    [taxid] => 0
    [taxrate] => 0.00
    [delivery_id] => 0
    [delivery_price] => 0.00
    [discid] => 0
    [ticket] => 0
    [discamount] => 15.00
    [title] => 
    [firstname] => Shahin
    [surname] => Ullah
    [email] => shahinullah@yahoo.co.uk
    [phone] => 07904866358
    [phone2] => 
    [delivery_firstname] => Shahin
    [delivery_surname] => Ullah
    [delivery_address1] => 23 Benson Avenue
    [delivery_address2] => 
    [delivery_address3] => 
    [delivery_phone] => 07904866358
    [delivery_city] => London
    [delivery_postcode] => E6 3EE
    [payment_firstname] => Shahin
    [payment_surname] => Ullah
    [payment_address1] => 23 Benson Avenue
    [payment_address2] => 
    [payment_address3] => 
    [payment_phone] => 07904866358
    [payment_city] => London
    [payment_postcode] => E6 3EE
    [delivered] => 0
    [delnotes] => 
    [pptransid] => 8X435019J06876135
    [paiddate] => 2016-11-27 17:22:47
    [pmtnotes] => 
    [delivery_country] => 826
    [payment_country] => 826
    [txfee] => 0.40
)
"Shahin","Ullah","shahinullah@yahoo.co.uk","07904866358","","E6 3EE","London",11/03/1984,27/11/2016,"No",25.00,25.00,"", 
<pre>Array
(
    [id] => 1387
    [sid] => 27
    [orderdate] => 2016-11-27 17:25:31
    [currency] => GBP
    [taxid] => 0
    [taxrate] => 0.00
    [delivery_id] => 0
    [delivery_price] => 0.00
    [discid] => 0
    [ticket] => 0
    [discamount] => 15.00
    [title] => 
    [firstname] => Ayesha
    [surname] => Begum
    [email] => ayeshab84@yahoo.co.uk
    [phone] => 07946169741
    [phone2] => 
    [delivery_firstname] => Ayesha
    [delivery_surname] => Begum
    [delivery_address1] => 14 Pellerin Road
    [delivery_address2] => 
    [delivery_address3] => 
    [delivery_phone] => 07946169741
    [delivery_city] => London
    [delivery_postcode] => N16 8AT
    [payment_firstname] => Ayesha
    [payment_surname] => Begum
    [payment_address1] => 14 Pellerin Road
    [payment_address2] => 
    [payment_address3] => 
    [payment_phone] => 07946169741
    [payment_city] => London
    [payment_postcode] => N16 8AT
    [delivered] => 0
    [delnotes] => 
    [pptransid] => 7UX61431391695622
    [paiddate] => 2016-11-27 17:26:33
    [pmtnotes] => 
    [delivery_country] => 826
    [payment_country] => 826
    [txfee] => 0.40
)
"Ayesha","Begum","ayeshab84@yahoo.co.uk","07946169741","","N16 8AT","London",24/02/1984,27/11/2016,"No",25.00,25.00,"", 
<pre>Array
(
    [id] => 1388
    [sid] => 931
    [orderdate] => 2016-11-27 17:40:16
    [currency] => GBP
    [taxid] => 0
    [taxrate] => 0.00
    [delivery_id] => 0
    [delivery_price] => 0.00
    [discid] => 0
    [ticket] => 0
    [discamount] => 0.00
    [title] => 
    [firstname] => momtaz
    [surname] => begum
    [email] => momtazb.92@gmail.com
    [phone] => 07960859195
    [phone2] => 
    [delivery_firstname] => momtaz
    [delivery_surname] => begum
    [delivery_address1] => 48 ethelbert gardens
    [delivery_address2] => ig2 6un
    [delivery_address3] => 
    [delivery_phone] => 07960859195
    [delivery_city] => essex
    [delivery_postcode] => ig2 6un
    [payment_firstname] => momtaz
    [payment_surname] => begum
    [payment_address1] => 48 ethelbert gardens
    [payment_address2] => ig2 6un
    [payment_address3] => 
    [payment_phone] => 07960859195
    [payment_city] => essex
    [payment_postcode] => ig2 6un
    [delivered] => 0
    [delnotes] => 
    [pptransid] => 4PR27784C43188150
    [paiddate] => 2016-11-27 17:41:14
    [pmtnotes] => 
    [delivery_country] => 826
    [payment_country] => 826
    [txfee] => 1.00
)
"momtaz","begum","momtazb.92@gmail.com","07960859195","","ig2 6un","essex",07/02/1992,27/11/2016,"No",25.00,25.00,"", 
<pre>Array
(
    [id] => 1389
    [sid] => 732
    [orderdate] => 2016-11-27 19:28:59
    [currency] => GBP
    [taxid] => 0
    [taxrate] => 0.00
    [delivery_id] => 0
    [delivery_price] => 0.00
    [discid] => 0
    [ticket] => 0
    [discamount] => 0.00
    [title] => 
    [firstname] => Aung
    [surname] => Minn
    [email] => aungkminster@gmail.com
    [phone] => 07577851046
    [phone2] => 
    [delivery_firstname] => Aung
    [delivery_surname] => Minn
    [delivery_address1] => 75 St Johns Wood terrace
    [delivery_address2] => 
    [delivery_address3] => 
    [delivery_phone] => 07577851046
    [delivery_city] => london
    [delivery_postcode] => Nw8 6LF
    [payment_firstname] => Aung
    [payment_surname] => Minn
    [payment_address1] => 75 St Johns Wood terrace
    [payment_address2] => 
    [payment_address3] => 
    [payment_phone] => 07577851046
    [payment_city] => london
    [payment_postcode] => Nw8 6LF
    [delivered] => 0
    [delnotes] => 
    [pptransid] => 39S9326739446202F
    [paiddate] => 2016-11-27 19:30:12
    [pmtnotes] => 
    [delivery_country] => 826
    [payment_country] => 826
    [txfee] => 1.00
)
"Aung","Minn","aungkminster@gmail.com","07577851046","","Nw8 6LF","london",11/08/1985,27/11/2016,"No",25.00,25.00,"", 
<pre>Array
(
    [id] => 1390
    [sid] => 457
    [orderdate] => 2016-11-27 22:16:28
    [currency] => GBP
    [taxid] => 0
    [taxrate] => 0.00
    [delivery_id] => 0
    [delivery_price] => 0.00
    [discid] => 0
    [ticket] => 0
    [discamount] => 0.00
    [title] => 
    [firstname] => Sumaiya
    [surname] => Kamal
    [email] => sumaiyakamal@gmail.com
    [phone] => 02085541911
    [phone2] => 
    [delivery_firstname] => Sumaiya
    [delivery_surname] => Kamal
    [delivery_address1] => 40 Cranley Drive
    [delivery_address2] => 
    [delivery_address3] => 
    [delivery_phone] => 02085541911
    [delivery_city] => Ilford
    [delivery_postcode] => IG2 6AH
    [payment_firstname] => Sumaiya
    [payment_surname] => Kamal
    [payment_address1] => 40 Cranley Drive
    [payment_address2] => 
    [payment_address3] => 
    [payment_phone] => 02085541911
    [payment_city] => Ilford
    [payment_postcode] => IG2 6AH
    [delivered] => 0
    [delnotes] => 
    [pptransid] => 3V53207467386734C
    [paiddate] => 2016-11-27 22:19:49
    [pmtnotes] => 
    [delivery_country] => 826
    [payment_country] => 826
    [txfee] => 0.76
)
"Sumaiya","Kamal","sumaiyakamal@gmail.com","02085541911","","IG2 6AH","Ilford",24/09/1979,27/11/2016,"No",19.00,19.00,"", 
<pre>Array
(
    [id] => 1391
    [sid] => 47
    [orderdate] => 2016-11-27 23:20:41
    [currency] => GBP
    [taxid] => 0
    [taxrate] => 0.00
    [delivery_id] => 0
    [delivery_price] => 0.00
    [discid] => 0
    [ticket] => 0
    [discamount] => 0.00
    [title] => 
    [firstname] => Tarique
    [surname] => Musa
    [email] => tariquealmusa@gmail.com
    [phone] => +447828706421
    [phone2] => +447828706421
    [delivery_firstname] => Tarique
    [delivery_surname] => Musa
    [delivery_address1] => 20 Carlyon Avenue
    [delivery_address2] => tariquealmusa@gmail.com
    [delivery_address3] => tariquealmusa@gmail.com
    [delivery_phone] => +447828706421
    [delivery_city] => Harrow
    [delivery_postcode] => HA2 8SX
    [payment_firstname] => Tarique
    [payment_surname] => Musa
    [payment_address1] => 20 Carlyon Avenue
    [payment_address2] => tariquealmusa@gmail.com
    [payment_address3] => tariquealmusa@gmail.com
    [payment_phone] => +447828706421
    [payment_city] => Harrow
    [payment_postcode] => HA2 8SX
    [delivered] => 0
    [delnotes] => 
    [pptransid] => 68E07163DH622882G
    [paiddate] => 2016-11-27 23:23:09
    [pmtnotes] => 
    [delivery_country] => 826
    [payment_country] => 826
    [txfee] => 2.00
)
"Tarique","Musa","tariquealmusa@gmail.com","+447828706421, +447828706421","","HA2 8SX","Harrow",09/03/1981,27/11/2016,"No",25.00,25.00,"", 
<pre>Array
(
    [id] => 1391
    [sid] => 47
    [orderdate] => 2016-11-27 23:20:41
    [currency] => GBP
    [taxid] => 0
    [taxrate] => 0.00
    [delivery_id] => 0
    [delivery_price] => 0.00
    [discid] => 0
    [ticket] => 0
    [discamount] => 0.00
    [title] => 
    [firstname] => Tarique
    [surname] => Musa
    [email] => tariquealmusa@gmail.com
    [phone] => +447828706421
    [phone2] => +447828706421
    [delivery_firstname] => Tarique
    [delivery_surname] => Musa
    [delivery_address1] => 20 Carlyon Avenue
    [delivery_address2] => tariquealmusa@gmail.com
    [delivery_address3] => tariquealmusa@gmail.com
    [delivery_phone] => +447828706421
    [delivery_city] => Harrow
    [delivery_postcode] => HA2 8SX
    [payment_firstname] => Tarique
    [payment_surname] => Musa
    [payment_address1] => 20 Carlyon Avenue
    [payment_address2] => tariquealmusa@gmail.com
    [payment_address3] => tariquealmusa@gmail.com
    [payment_phone] => +447828706421
    [payment_city] => Harrow
    [payment_postcode] => HA2 8SX
    [delivered] => 0
    [delnotes] => 
    [pptransid] => 68E07163DH622882G
    [paiddate] => 2016-11-27 23:23:09
    [pmtnotes] => 
    [delivery_country] => 826
    [payment_country] => 826
    [txfee] => 2.00
)
"Tarique","Musa","t.a.musa@leeds.ac.uk","","","","",01/01/1970,27/11/2016,"No",25.00,25.00,"", 
<pre>Array
(
    [id] => 1392
    [sid] => 53
    [orderdate] => 2016-11-27 23:21:40
    [currency] => GBP
    [taxid] => 0
    [taxrate] => 0.00
    [delivery_id] => 0
    [delivery_price] => 0.00
    [discid] => 0
    [ticket] => 0
    [discamount] => 15.00
    [title] => 
    [firstname] => Naaziah
    [surname] => Hossain
    [email] => naaziah1@yahoo.co.uk
    [phone] => 07877324515
    [phone2] => 
    [delivery_firstname] => Naaziah
    [delivery_surname] => Hossain
    [delivery_address1] => 8 Salford House
    [delivery_address2] => Seyssel Street
    [delivery_address3] => 
    [delivery_phone] => 07877324515
    [delivery_city] => London
    [delivery_postcode] => E14 3HZ
    [payment_firstname] => Naaziah
    [payment_surname] => Hossain
    [payment_address1] => 8 Salford House
    [payment_address2] => Seyssel Street
    [payment_address3] => 
    [payment_phone] => 07877324515
    [payment_city] => London
    [payment_postcode] => E14 3HZ
    [delivered] => 0
    [delnotes] => 
    [pptransid] => 3XR76644EN0290002
    [paiddate] => 2016-11-27 23:24:53
    [pmtnotes] => 
    [delivery_country] => 826
    [payment_country] => 826
    [txfee] => 0.40
)
"Naaziah","Hossain","naaziah1@yahoo.co.uk","07877324515","","E14 3HZ","London",16/11/1980,27/11/2016,"No",25.00,25.00,"", 
<pre>Array
(
    [id] => 1393
    [sid] => 667
    [orderdate] => 2016-11-29 08:26:44
    [currency] => GBP
    [taxid] => 0
    [taxrate] => 0.00
    [delivery_id] => 0
    [delivery_price] => 0.00
    [discid] => 0
    [ticket] => 0
    [discamount] => 0.00
    [title] => 
    [firstname] => Shyrinda
    [surname] => Shaari
    [email] => shyrinda.shaari@gmail.com
    [phone] => 07557537925
    [phone2] => 
    [delivery_firstname] => Shyrinda
    [delivery_surname] => Shaari
    [delivery_address1] => 199 Winterthur Way
    [delivery_address2] => 
    [delivery_address3] => 
    [delivery_phone] => 07557537925
    [delivery_city] => Basingstoke
    [delivery_postcode] => Rg217UF
    [payment_firstname] => Shyrinda
    [payment_surname] => Shaari
    [payment_address1] => 199 Winterthur Way
    [payment_address2] => 
    [payment_address3] => 
    [payment_phone] => 07557537925
    [payment_city] => Basingstoke
    [payment_postcode] => Rg217UF
    [delivered] => 0
    [delnotes] => 
    [pptransid] => 6BF57573YP799482A
    [paiddate] => 2016-11-29 08:27:12
    [pmtnotes] => 
    [delivery_country] => 826
    [payment_country] => 826
    [txfee] => 0.76
)
"Shyrinda","Shaari","shyrinda.shaari@gmail.com","07557537925","","Rg217UF","Basingstoke",12/11/1978,29/11/2016,"No",19.00,19.00,"", 
<pre>Array
(
    [id] => 1395
    [sid] => 78
    [orderdate] => 2016-12-02 09:43:17
    [currency] => GBP
    [taxid] => 0
    [taxrate] => 0.00
    [delivery_id] => 0
    [delivery_price] => 0.00
    [discid] => 0
    [ticket] => 0
    [discamount] => 0.00
    [title] => 
    [firstname] => Bibi
    [surname] => Moore
    [email] => bibi.moore@btinternet.com
    [phone] => 07743358630
    [phone2] => 
    [delivery_firstname] => Bibi
    [delivery_surname] => Moore
    [delivery_address1] => 84 Bramley Road
    [delivery_address2] => 
    [delivery_address3] => 
    [delivery_phone] => 07743358630
    [delivery_city] => London
    [delivery_postcode] => N14 4HS
    [payment_firstname] => Bibi
    [payment_surname] => Moore
    [payment_address1] => 84 Bramley Road
    [payment_address2] => 
    [payment_address3] => 
    [payment_phone] => 07743358630
    [payment_city] => London
    [payment_postcode] => N14 4HS
    [delivered] => 0
    [delnotes] => Delivery Notes - Test text
    [pptransid] => 6BN00748AE5038939
    [paiddate] => 2016-12-02 09:44:39
    [pmtnotes] => Payment notes - Test text
    [delivery_country] => 826
    [payment_country] => 826
    [txfee] => 0.76
)
"Bibi","Moore","bibi.moore@btinternet.com","07743358630","","N14 4HS","London",21/08/1956,02/12/2016,"No",19.00,19.00,"Booking Page - Test text",Delivery Notes - Test text Payment notes - Test text
